name,id,link
anthony s house salad with italian dressing,141037,https://www.food.com/recipe/anthony-s-house-salad-with-italian-dressing-141037
pan seared flat iron steak with spicy minted drizzle,261279,https://www.food.com/recipe/pan-seared-flat-iron-steak-with-spicy-minted-drizzle-261279
the best ever donairs,128372,https://www.food.com/recipe/the-best-ever-donairs-128372
a refreshing salad to usher in summer,50414,https://www.food.com/recipe/a-refreshing-salad-to-usher-in-summer-50414
spice kissed masoor dal  split red lentils,448592,https://www.food.com/recipe/spice-kissed-masoor-dal--split-red-lentils-448592
leftover roast beef spicy salad,50411,https://www.food.com/recipe/leftover-roast-beef-spicy-salad-50411
potatoes sauteed with shrimp,23144,https://www.food.com/recipe/potatoes-sauteed-with-shrimp-23144
ww 6 points   soft tacos with chipotle chicken salad,121756,https://www.food.com/recipe/ww-6-points---soft-tacos-with-chipotle-chicken-salad-121756
guilt free ground turkey gyros,483902,https://www.food.com/recipe/guilt-free-ground-turkey-gyros-483902
mouth watering carrot and cheese parathas,63921,https://www.food.com/recipe/mouth-watering-carrot-and-cheese-parathas-63921
the a w mama burger,359738,https://www.food.com/recipe/the-a-w-mama-burger-359738
garlic shrimp and pasta from baxter s interurban grill,41833,https://www.food.com/recipe/garlic-shrimp-and-pasta-from-baxter-s-interurban-grill-41833
steamed tofu with pork,37379,https://www.food.com/recipe/steamed-tofu-with-pork-37379
fabulous pasta salad,25617,https://www.food.com/recipe/fabulous-pasta-salad-25617
shrimp quesadilla,347750,https://www.food.com/recipe/shrimp-quesadilla-347750
chilli  salt and pepper squid,254691,https://www.food.com/recipe/chilli--salt-and-pepper-squid-254691
sweet corn mini muffins,417888,https://www.food.com/recipe/sweet-corn-mini-muffins-417888
beef   bean sprouts,107524,https://www.food.com/recipe/beef---bean-sprouts-107524
veggie stir fry,146603,https://www.food.com/recipe/veggie-stir-fry-146603
greek macaroni   hamburger casserole  makaronia phournista,101730,https://www.food.com/recipe/greek-macaroni---hamburger-casserole--makaronia-phournista-101730
sindhi hara murgh   chicken in green curry homemade sindhi style,38356,https://www.food.com/recipe/sindhi-hara-murgh---chicken-in-green-curry-homemade-sindhi-style-38356
linda s herbed home fries,52269,https://www.food.com/recipe/linda-s-herbed-home-fries-52269
italian panzanella salad,420277,https://www.food.com/recipe/italian-panzanella-salad-420277
sesame flavored beef,463105,https://www.food.com/recipe/sesame-flavored-beef-463105
curry chicken with pearl onions,36598,https://www.food.com/recipe/curry-chicken-with-pearl-onions-36598
ww caprese rice salad,346354,https://www.food.com/recipe/ww-caprese-rice-salad-346354
vegetable and pasta toss,23649,https://www.food.com/recipe/vegetable-and-pasta-toss-23649
cheese and bean burritos,19378,https://www.food.com/recipe/cheese-and-bean-burritos-19378
golden tofu salad with carrots and hijiki,72581,https://www.food.com/recipe/golden-tofu-salad-with-carrots-and-hijiki-72581
chicken curry with chickpeas,273769,https://www.food.com/recipe/chicken-curry-with-chickpeas-273769
greek pita lunch,11648,https://www.food.com/recipe/greek-pita-lunch-11648
chef pierre s mediterranean omelette,111599,https://www.food.com/recipe/chef-pierre-s-mediterranean-omelette-111599
orecchiette pasta with veal  capers  and herb white wine sauce,413290,https://www.food.com/recipe/orecchiette-pasta-with-veal--capers--and-herb-white-wine-sauce-413290
greek style scampi,56341,https://www.food.com/recipe/greek-style-scampi-56341
fried green tomato and bacon sandwich,239001,https://www.food.com/recipe/fried-green-tomato-and-bacon-sandwich-239001
japanese hambagu  hamburg  steak,185151,https://www.food.com/recipe/japanese-hambagu--hamburg--steak-185151
grilled chicken tzatziki wrap,503392,https://www.food.com/recipe/grilled-chicken-tzatziki-wrap-503392
chili cheddar pinwheels,78576,https://www.food.com/recipe/chili-cheddar-pinwheels-78576
chicken lo mein  soft noodles,107853,https://www.food.com/recipe/chicken-lo-mein--soft-noodles-107853
salt grilled chicken thighs,461206,https://www.food.com/recipe/salt-grilled-chicken-thighs-461206
classic manapua  steamed buns hawaiian style,519074,https://www.food.com/recipe/classic-manapua--steamed-buns-hawaiian-style-519074
potato toast,75227,https://www.food.com/recipe/potato-toast-75227
zippy snack melts,26638,https://www.food.com/recipe/zippy-snack-melts-26638
delicious nachos,234453,https://www.food.com/recipe/delicious-nachos-234453
greek lamb wraps,307636,https://www.food.com/recipe/greek-lamb-wraps-307636
mini spinach feta calzone pockets  no phyllo,425059,https://www.food.com/recipe/mini-spinach-feta-calzone-pockets--no-phyllo-425059
hefty defty roly poly weebles wobbles but they don t fall down burritos,37673,https://www.food.com/recipe/hefty-defty-roly-poly-weebles-wobbles-but-they-don-t-fall-down-burritos-37673
huevos a la mexicana,139213,https://www.food.com/recipe/huevos-a-la-mexicana-139213
fish tacos with yogurt sauce,370972,https://www.food.com/recipe/fish-tacos-with-yogurt-sauce-370972
tomato  goat cheese and black olive salad,382449,https://www.food.com/recipe/tomato--goat-cheese-and-black-olive-salad-382449
chicken gyros with cucumber salsa and tsatsiki,428331,https://www.food.com/recipe/chicken-gyros-with-cucumber-salsa-and-tsatsiki-428331
rolled stuffed eggplant  aubergine,73443,https://www.food.com/recipe/rolled-stuffed-eggplant--aubergine-73443
cinnamon crispas,78711,https://www.food.com/recipe/cinnamon-crispas-78711
mediterranean chopped salad with shrimp and chickpeas,418095,https://www.food.com/recipe/mediterranean-chopped-salad-with-shrimp-and-chickpeas-418095
savory croissant breakfast pudding,190225,https://www.food.com/recipe/savory-croissant-breakfast-pudding-190225
mexfast,32682,https://www.food.com/recipe/mexfast-32682
tex mex corn squares,86428,https://www.food.com/recipe/tex-mex-corn-squares-86428
what a dal,493702,https://www.food.com/recipe/what-a-dal-493702
linguine with wild mushroom alfredo,34331,https://www.food.com/recipe/linguine-with-wild-mushroom-alfredo-34331
chicken parmigiana pie,283440,https://www.food.com/recipe/chicken-parmigiana-pie-283440
sheer korma,15633,https://www.food.com/recipe/sheer-korma-15633
meatballs with parmesan and sausage,99982,https://www.food.com/recipe/meatballs-with-parmesan-and-sausage-99982
vegetarian black bean hamburger tacos,298241,https://www.food.com/recipe/vegetarian-black-bean-hamburger-tacos-298241
okara hummus,286514,https://www.food.com/recipe/okara-hummus-286514
asian style sweet   sour meatballs,372621,https://www.food.com/recipe/asian-style-sweet---sour-meatballs-372621
lamb or beef kebab pitas with tzatziki,82170,https://www.food.com/recipe/lamb-or-beef-kebab-pitas-with-tzatziki-82170
mini vegetable frittatas,512678,https://www.food.com/recipe/mini-vegetable-frittatas-512678
easy crust pizza,172647,https://www.food.com/recipe/easy-crust-pizza-172647
the authentic greek gyro   a greek grill party,182058,https://www.food.com/recipe/the-authentic-greek-gyro---a-greek-grill-party-182058
crispy burritos   sandwich maker,34787,https://www.food.com/recipe/crispy-burritos---sandwich-maker-34787
spiced persimmon bread,346068,https://www.food.com/recipe/spiced-persimmon-bread-346068
herby tuna burgers with wasabi  low fat and healthy,303127,https://www.food.com/recipe/herby-tuna-burgers-with-wasabi--low-fat-and-healthy-303127
mango cheese spread,49915,https://www.food.com/recipe/mango-cheese-spread-49915
mexican cream cheese rollups,32667,https://www.food.com/recipe/mexican-cream-cheese-rollups-32667
angels easy breakfast burritos,161872,https://www.food.com/recipe/angels-easy-breakfast-burritos-161872
greek chicken with capers  raisins and feta,16864,https://www.food.com/recipe/greek-chicken-with-capers--raisins-and-feta-16864
sweet and zingy tuna sandwich,221057,https://www.food.com/recipe/sweet-and-zingy-tuna-sandwich-221057
seared italian marinated breast of chicken with tomato and basil,118241,https://www.food.com/recipe/seared-italian-marinated-breast-of-chicken-with-tomato-and-basil-118241
breakfast burritos filling,23632,https://www.food.com/recipe/breakfast-burritos-filling-23632
yam latkes with mustard seeds and curry,14755,https://www.food.com/recipe/yam-latkes-with-mustard-seeds-and-curry-14755
mixed rice dish  bibim bap,14627,https://www.food.com/recipe/mixed-rice-dish--bibim-bap-14627
mu shu style pork roll ups,242512,https://www.food.com/recipe/mu-shu-style-pork-roll-ups-242512
smoked salmon sushi,346830,https://www.food.com/recipe/smoked-salmon-sushi-346830
greek pasta with meatballs,501436,https://www.food.com/recipe/greek-pasta-with-meatballs-501436
easy  grilled  burgers italiano for the bbq,302467,https://www.food.com/recipe/easy--grilled--burgers-italiano-for-the-bbq-302467
indian restaurant style onion bhajia   deep fried onion fritters,288345,https://www.food.com/recipe/indian-restaurant-style-onion-bhajia---deep-fried-onion-fritters-288345
beijing style pork   shrimp jiaozi  chinese dumplings,404755,https://www.food.com/recipe/beijing-style-pork---shrimp-jiaozi--chinese-dumplings-404755
yaprach  stuffed grape leaves,13076,https://www.food.com/recipe/yaprach--stuffed-grape-leaves-13076
greek style oven fries,18762,https://www.food.com/recipe/greek-style-oven-fries-18762
chicken souvlaki quesadilla,223036,https://www.food.com/recipe/chicken-souvlaki-quesadilla-223036
antipasto,13586,https://www.food.com/recipe/antipasto-13586
hummus with raspberry vinegar,78612,https://www.food.com/recipe/hummus-with-raspberry-vinegar-78612
kimchi pancakes  kimchi jun,258187,https://www.food.com/recipe/kimchi-pancakes--kimchi-jun-258187
spring onion and feta noodle cakes,177728,https://www.food.com/recipe/spring-onion-and-feta-noodle-cakes-177728
chocolate hazelnut phyllo dessert fit for queens,125943,https://www.food.com/recipe/chocolate-hazelnut-phyllo-dessert-fit-for-queens-125943
marinated octopus,10902,https://www.food.com/recipe/marinated-octopus-10902
halloumi omelette,59800,https://www.food.com/recipe/halloumi-omelette-59800
cranberry nut snack mix,115558,https://www.food.com/recipe/cranberry-nut-snack-mix-115558
greek grain salad,428044,https://www.food.com/recipe/greek-grain-salad-428044
pasta with crunchy crumbs and feta for one,328705,https://www.food.com/recipe/pasta-with-crunchy-crumbs-and-feta-for-one-328705
baked taquitos,389955,https://www.food.com/recipe/baked-taquitos-389955
tandoori shrimp,469708,https://www.food.com/recipe/tandoori-shrimp-469708
spicy korean pork barbecue,490278,https://www.food.com/recipe/spicy-korean-pork-barbecue-490278
lemony baked tofu,366037,https://www.food.com/recipe/lemony-baked-tofu-366037
potato  parmesan and anchovy focaccia,70337,https://www.food.com/recipe/potato--parmesan-and-anchovy-focaccia-70337
greek yoghurt and honey,187433,https://www.food.com/recipe/greek-yoghurt-and-honey-187433
very good for your health and mine vegetarian lemon  pepper soup,72724,https://www.food.com/recipe/very-good-for-your-health-and-mine-vegetarian-lemon--pepper-soup-72724
london broil bulgogi,437919,https://www.food.com/recipe/london-broil-bulgogi-437919
yemista  greek stuffed peppers,346586,https://www.food.com/recipe/yemista--greek-stuffed-peppers-346586
wild   crazy rice,50463,https://www.food.com/recipe/wild---crazy-rice-50463
zaru soba   chilled japanese noodles,448296,https://www.food.com/recipe/zaru-soba---chilled-japanese-noodles-448296
vegetarian japanese curry,474224,https://www.food.com/recipe/vegetarian-japanese-curry-474224
amazing watermelon greek salad with feta,290853,https://www.food.com/recipe/amazing-watermelon-greek-salad-with-feta-290853
tortellini salad with garden vegetables,21278,https://www.food.com/recipe/tortellini-salad-with-garden-vegetables-21278
greek bbq baby octopus,105160,https://www.food.com/recipe/greek-bbq-baby-octopus-105160
william sonoma s greek yogurt with pears and honey,327691,https://www.food.com/recipe/william-sonoma-s-greek-yogurt-with-pears-and-honey-327691
savory potato skins worth waiting for,116415,https://www.food.com/recipe/savory-potato-skins-worth-waiting-for-116415
garlicky tortellini  spinach and tomato soup,18268,https://www.food.com/recipe/garlicky-tortellini--spinach-and-tomato-soup-18268
garlic roast beef pinwheels,288858,https://www.food.com/recipe/garlic-roast-beef-pinwheels-288858
fassolia gigantes plaki  giant beans baked in the oven,10770,https://www.food.com/recipe/fassolia-gigantes-plaki--giant-beans-baked-in-the-oven-10770
tempeh sukiyaki with broccoli   cauliflower,13678,https://www.food.com/recipe/tempeh-sukiyaki-with-broccoli---cauliflower-13678
waffles,338874,https://www.food.com/recipe/waffles-338874
fat free egg rolls,68466,https://www.food.com/recipe/fat-free-egg-rolls-68466
cinco de mayo sloppy joes,300447,https://www.food.com/recipe/cinco-de-mayo-sloppy-joes-300447
hotsy totsy pork n peppers,40561,https://www.food.com/recipe/hotsy-totsy-pork-n-peppers-40561
broccoli   garlic pasta for one,12713,https://www.food.com/recipe/broccoli---garlic-pasta-for-one-12713
sesame wafers,12922,https://www.food.com/recipe/sesame-wafers-12922
samosas,117455,https://www.food.com/recipe/samosas-117455
mexican grilled cheese sandwich  quesadilla,471972,https://www.food.com/recipe/mexican-grilled-cheese-sandwich--quesadilla-471972
grilled chicken with greek flavors,381266,https://www.food.com/recipe/grilled-chicken-with-greek-flavors-381266
buffalo chicken sandwiches,292166,https://www.food.com/recipe/buffalo-chicken-sandwiches-292166
five happiness fried noodles,428564,https://www.food.com/recipe/five-happiness-fried-noodles-428564
good karma schawarma,363866,https://www.food.com/recipe/good-karma-schawarma-363866
indian mutton biryani,59380,https://www.food.com/recipe/indian-mutton-biryani-59380
chinese braised beef and noodles,107724,https://www.food.com/recipe/chinese-braised-beef-and-noodles-107724
mouth watering teriyaki burgers,169964,https://www.food.com/recipe/mouth-watering-teriyaki-burgers-169964
perfect japanese rice,176527,https://www.food.com/recipe/perfect-japanese-rice-176527
oriental roasted stuffed chicken,50408,https://www.food.com/recipe/oriental-roasted-stuffed-chicken-50408
black bean and corn wontons with 3 cheese sweet pepper sauce,104624,https://www.food.com/recipe/black-bean-and-corn-wontons-with-3-cheese-sweet-pepper-sauce-104624
miso shiru soup,12744,https://www.food.com/recipe/miso-shiru-soup-12744
feta and pepper frittata,420747,https://www.food.com/recipe/feta-and-pepper-frittata-420747
lemon herb  homemade ricotta   roasted tomato crostini,449994,https://www.food.com/recipe/lemon-herb--homemade-ricotta---roasted-tomato-crostini-449994
portabella mushroom quesadillas,24904,https://www.food.com/recipe/portabella-mushroom-quesadillas-24904
lime chicken taco s,501580,https://www.food.com/recipe/lime-chicken-taco-s-501580
corn capsicum curry,484976,https://www.food.com/recipe/corn-capsicum-curry-484976
cypriot fried haloumy cheese  saganaki haloumi,424925,https://www.food.com/recipe/cypriot-fried-haloumy-cheese--saganaki-haloumi-424925
eggs baked in tomatoes with prosciutto   basil,440166,https://www.food.com/recipe/eggs-baked-in-tomatoes-with-prosciutto---basil-440166
meatball sub sandwich casserole,213935,https://www.food.com/recipe/meatball-sub-sandwich-casserole-213935
artichokes and shells,97176,https://www.food.com/recipe/artichokes-and-shells-97176
tofu and broccoli stir fry  martha stewart,360634,https://www.food.com/recipe/tofu-and-broccoli-stir-fry--martha-stewart-360634
rice paper wrapped fish,58163,https://www.food.com/recipe/rice-paper-wrapped-fish-58163
sopa seca de tortilla,24666,https://www.food.com/recipe/sopa-seca-de-tortilla-24666
feta stuffed avocados,427046,https://www.food.com/recipe/feta-stuffed-avocados-427046
frankfurter vegetable stir fry,40018,https://www.food.com/recipe/frankfurter-vegetable-stir-fry-40018
the simplest bean burgers  mark bittman,335266,https://www.food.com/recipe/the-simplest-bean-burgers--mark-bittman-335266
kimchi fried rice  kimchi bok eum bap,221939,https://www.food.com/recipe/kimchi-fried-rice--kimchi-bok-eum-bap-221939
crab  soup dumplings   dim sum,126427,https://www.food.com/recipe/crab--soup-dumplings---dim-sum-126427
ramen delight,394686,https://www.food.com/recipe/ramen-delight-394686
user friendly onigiri,218366,https://www.food.com/recipe/user-friendly-onigiri-218366
greek spinach quiche,136026,https://www.food.com/recipe/greek-spinach-quiche-136026
crispy wontons,21217,https://www.food.com/recipe/crispy-wontons-21217
super chocolate ice cream sundae,22069,https://www.food.com/recipe/super-chocolate-ice-cream-sundae-22069
st  paul sandwich,279130,https://www.food.com/recipe/st--paul-sandwich-279130
sloppy giuseppi s   crock pot,48613,https://www.food.com/recipe/sloppy-giuseppi-s---crock-pot-48613
low fat stuffed pasta shells,242261,https://www.food.com/recipe/low-fat-stuffed-pasta-shells-242261
papadams,16928,https://www.food.com/recipe/papadams-16928
lo bak go   chinese radish cakes,109483,https://www.food.com/recipe/lo-bak-go---chinese-radish-cakes-109483
basil feta olive toast,427782,https://www.food.com/recipe/basil-feta-olive-toast-427782
korean shrimp and scallion pancakes,359630,https://www.food.com/recipe/korean-shrimp-and-scallion-pancakes-359630
pork and green bean stir fry,511116,https://www.food.com/recipe/pork-and-green-bean-stir-fry-511116
chops or chicken with prosciutto and artichoke  in cream sauce,120981,https://www.food.com/recipe/chops-or-chicken-with-prosciutto-and-artichoke--in-cream-sauce-120981
the best coffee lover s coffee cake,49945,https://www.food.com/recipe/the-best-coffee-lover-s-coffee-cake-49945
tangy tamarind chicken,9002,https://www.food.com/recipe/tangy-tamarind-chicken-9002
tex   mex chicken sandwiches,218605,https://www.food.com/recipe/tex---mex-chicken-sandwiches-218605
nigella lawson caramelized onion   lentil pilaf,59446,https://www.food.com/recipe/nigella-lawson-caramelized-onion---lentil-pilaf-59446
creamy lentil  risotto   kichdi,131214,https://www.food.com/recipe/creamy-lentil--risotto---kichdi-131214
bulgogi  korean barbecued beef  lettuce wraps,14339,https://www.food.com/recipe/bulgogi--korean-barbecued-beef--lettuce-wraps-14339
green onion cakes,274972,https://www.food.com/recipe/green-onion-cakes-274972
super simple gyros with cucumber mint yogurt,389844,https://www.food.com/recipe/super-simple-gyros-with-cucumber-mint-yogurt-389844
gold rice with chicken and pistachio,12669,https://www.food.com/recipe/gold-rice-with-chicken-and-pistachio-12669
mushrooms stuffed with feta cheese and garlic,22847,https://www.food.com/recipe/mushrooms-stuffed-with-feta-cheese-and-garlic-22847
japanese tuna   spring onion topping for rice,125845,https://www.food.com/recipe/japanese-tuna---spring-onion-topping-for-rice-125845
italian sausage sweet,4356,https://www.food.com/recipe/italian-sausage-sweet-4356
ground beef gyros,30081,https://www.food.com/recipe/ground-beef-gyros-30081
marinated stuffed cherry peppers,81105,https://www.food.com/recipe/marinated-stuffed-cherry-peppers-81105
mighty good moussaka,25875,https://www.food.com/recipe/mighty-good-moussaka-25875
lomo saltado   vegan,423521,https://www.food.com/recipe/lomo-saltado---vegan-423521
broccomoli,204481,https://www.food.com/recipe/broccomoli-204481
chicken florentine crepe  ihop s copycat,311039,https://www.food.com/recipe/chicken-florentine-crepe--ihop-s-copycat-311039
hyderabadi khatti dal  mango lentil curry from the indian state,71867,https://www.food.com/recipe/hyderabadi-khatti-dal--mango-lentil-curry-from-the-indian-state-71867
bunuelos,138357,https://www.food.com/recipe/bunuelos-138357
chinese chicken wraps,44170,https://www.food.com/recipe/chinese-chicken-wraps-44170
toasted turkey subs with smoked mozzarella,408764,https://www.food.com/recipe/toasted-turkey-subs-with-smoked-mozzarella-408764
sarasota s green chili mexican burger,451785,https://www.food.com/recipe/sarasota-s-green-chili-mexican-burger-451785
ceviche tacos,129744,https://www.food.com/recipe/ceviche-tacos-129744
rice verde for one or two,12732,https://www.food.com/recipe/rice-verde-for-one-or-two-12732
easy mini muffulettas,456631,https://www.food.com/recipe/easy-mini-muffulettas-456631
6 step chicken tikka,42043,https://www.food.com/recipe/6-step-chicken-tikka-42043
bread machine spinach feta bread,17507,https://www.food.com/recipe/bread-machine-spinach-feta-bread-17507
steamed chicken  zheng ji  with ginger scallion dipping sauce,181091,https://www.food.com/recipe/steamed-chicken--zheng-ji--with-ginger-scallion-dipping-sauce-181091
